{"cameraMode":{"drawMode":0,"name":"Shaded","section":"Shading Mode"},"sceneLighting":true,"audioPlay":false,"sceneViewState":{"showFog":true,"showMaterialUpdate":false,"showSkybox":true,"showFlares":true,"showImageEffects":true,"showParticleSystems":true,"showVisualEffectGraphs":true,"m_FxEnabled":true},"in2DMode":false,"pivot":{"x":-248.16249084472657,"y":-392.05218505859377,"z":477.3195495605469},"rotation":{"x":0.566152811050415,"y":-0.002231794875115156,"z":0.0015067538479343057,"w":0.8243383765220642},"size":334.0122375488281,"orthographic":false}