{"cameraMode":{"drawMode":0,"name":"Shaded","section":"Shading Mode"},"sceneLighting":true,"audioPlay":false,"sceneViewState":{"showFog":true,"showMaterialUpdate":false,"showSkybox":true,"showFlares":true,"showImageEffects":true,"showParticleSystems":true,"showVisualEffectGraphs":true,"m_FxEnabled":true},"in2DMode":false,"pivot":{"x":-177.76193237304688,"y":-397.04241943359377,"z":-231.2916259765625},"rotation":{"x":0.016314690932631494,"y":0.9140740633010864,"z":-0.4036169648170471,"w":0.037046514451503757},"size":415.22796630859377,"orthographic":false}